"WaterYear","Count","Mean","Median","StDev","Min","Max"
"1980",148,20.0831081081081,10,47.8964918382338,1.2,450
"1981",148,14.8178378378378,1.7,30.828552507619,0,213
