"WaterYear","Count","Mean","Median","StDev","Min","Max"
"1980",152,1857.65131578947,1530,1441.31880494279,379,6370
"1981",148,1078.58783783784,976.5,781.406232196174,317,3550
