"WaterYear","Count","Mean","Median","StDev","Min","Max"
"2000",366,159.516393442623,59,795.471700161556,30,11800
"2001",364,324.78021978022,94.5,1073.15402710359,30,12300
