"WaterYear","Count","Mean","Median","StDev","Min","Max"
"1941",61,23.216393442623,3,99.1915842873912,1.2,752
"1942",364,40.1947802197802,6.4,159.829608824449,2,1410
