"WaterYear","Count","Mean","Median","StDev","Min","Max"
"2000",365,673.520821917808,6.5,7692.1370748477,2.8,129000
