"WaterYear","Count","Mean","Median","StDev","Min","Max"
"1997",365,778.934821917808,11.3,3667.71858487061,0.33,37700
"1998",99,248.981616161616,4.25,1375.89969106801,0.51,12700
