"WaterYear","Count","Mean","Median","StDev","Min","Max"
"1997",365,1589.58465753425,46,6718.43470957721,1.2,74400
"1998",99,509.924242424242,7.9,2951.840818329,1.1,27900
