"WaterYear","Count","Mean","Median","StDev","Min","Max"
"1981",240,83.9833333333333,81.5,18.1716517158153,52,159
"1982",117,103.837606837607,89,41.6353126947417,53,234
