"WaterYear","Count","Mean","Median","StDev","Min","Max"
"1986",35,96.1142857142857,99,12.8286706215401,68,114
"1987",4,78.5,89.5,23.6995077304713,43,92
