"WaterYear","Count","Mean","Median","StDev","Min","Max"
"1997",365,154.838356164384,76,211.124848896254,28,1520
"1998",99,150.676767676768,82,197.287619122015,34,1520
