"WaterYear","Count","Mean","Median","StDev","Min","Max"
"2000",365,106.353424657534,46,284.870200865695,25,3710
