"WaterYear","Count","Mean","Median","StDev","Min","Max"
"1997",365,185.324657534247,67.6,328.774876876353,24.5,2360
"1998",99,161.791919191919,75.6,271.741624235592,33.2,2060
