"WaterYear","Count","Mean","Median","StDev","Min","Max"
"1986",81,27.1,27.1,2.43644207811308,21.1,31.6
"1987",5,15.1,13.5,2.43413228892762,13,18
