"WaterYear","Count","Mean","Median","StDev","Min","Max"
"1981",249,17.6024096385542,18,8.3857690883119,1.5,30
"1982",116,12.7025862068966,14,6.73439531137689,1.5,27.5
